date,rating,text
2025-07-15,5,"Arrived carefully packed, even more beautiful in person."
2025-07-18,5,"Beautiful craftsmanship, you can feel the hand of the maker."
2025-08-25,5,"Beautiful craftsmanship, you can feel the hand of the maker."
2025-08-26,5,"Beautiful craftsmanship, you can feel the hand of the maker."
2025-08-29,5,"Arrived carefully packed, even more beautiful in person."
2025-09-05,5,"Beautiful craftsmanship, you can feel the hand of the maker."
2025-09-18,5,"Beautiful craftsmanship, you can feel the hand of the maker."
2025-09-20,5,"Beautiful craftsmanship, you can feel the hand of the maker."
2025-10-14,5,"Beautiful craftsmanship, you can feel the hand of the maker."
2025-10-16,5,"Arrived carefully packed, even more beautiful in person."
2025-10-18,5,"Beautiful craftsmanship, you can feel the hand of the maker."
2025-10-28,5,"Beautiful craftsmanship, you can feel the hand of the maker."
2025-11-02,5,"Beautiful craftsmanship, you can feel the hand of the maker."
2025-11-05,5,"Arrived carefully packed, even more beautiful in person."
2025-11-24,5,"Beautiful craftsmanship, you can feel the hand of the maker."
2025-12-11,5,"Beautiful craftsmanship, you can feel the hand of the maker."
2025-12-22,5,"Arrived carefully packed, even more beautiful in person."
2026-01-05,5,"Beautiful craftsmanship, you can feel the hand of the maker."
2026-02-01,5,"Beautiful craftsmanship, you can feel the hand of the maker."
2026-02-01,5,"Beautiful craftsmanship, you can feel the hand of the maker."
2026-02-06,5,"Beautiful craftsmanship, you can feel the hand of the maker."
2026-02-11,5,"Beautiful craftsmanship, you can feel the hand of the maker."
2026-05-17,5,"Beautiful craftsmanship, you can feel the hand of the maker."
2026-06-08,4,One copita arrived chipped and they replaced it the same week.
2026-06-23,4,One copita arrived chipped and they replaced it the same week.
